{
  "train_accuracy": 0.7087691069991955,
  "train_log_loss": 0.5728847787601187,
  "train_auc": 0.7814884447030482,
  "n_estimators": 200,
  "best_iteration": null,
  "val_accuracy": 0.6296653796653797,
  "val_log_loss": 0.6331172193615794,
  "val_auc": 0.6893341217665542,
  "val_brier": 0.22206602930946162
}