{
  "train_accuracy": 0.7099758648431215,
  "train_log_loss": 0.5727972003354007,
  "train_auc": 0.7822409645260442,
  "n_estimators": 200,
  "best_iteration": null,
  "val_accuracy": 0.6322393822393823,
  "val_log_loss": 0.6318293720740367,
  "val_auc": 0.6915089386131856,
  "val_brier": 0.22141324802732087
}