{
  "train_accuracy": 0.7098149637972647,
  "train_log_loss": 0.5728059126705667,
  "train_auc": 0.782479287064682,
  "n_estimators": 200,
  "best_iteration": null,
  "val_accuracy": 0.631917631917632,
  "val_log_loss": 0.6309104760786026,
  "val_auc": 0.6913433013819115,
  "val_brier": 0.2212302974444268
}